Frase,Data,Hora
“The world as we have created it is a process of our thinking. It cannot be changed without changing our thinking.”,2025-03-03,19:05:51
"“It is our choices, Harry, that show what we truly are, far more than our abilities.”",2025-03-03,19:05:51
“There are only two ways to live your life. One is as though nothing is a miracle. The other is as though everything is a miracle.”,2025-03-03,19:05:51
"“The person, be it gentleman or lady, who has not pleasure in a good novel, must be intolerably stupid.”",2025-03-03,19:05:51
"“Imperfection is beauty, madness is genius and it's better to be absolutely ridiculous than absolutely boring.”",2025-03-03,19:05:51
“Try not to become a man of success. Rather become a man of value.”,2025-03-03,19:05:51
“It is better to be hated for what you are than to be loved for what you are not.”,2025-03-03,19:05:51
"“I have not failed. I've just found 10,000 ways that won't work.”",2025-03-03,19:05:51
“A woman is like a tea bag; you never know how strong it is until it's in hot water.”,2025-03-03,19:05:51
"“A day without sunshine is like, you know, night.”",2025-03-03,19:05:51
